x,top_y,bottom_y,height
883,324,1628,1305
884,324,1628,1305
885,324,1628,1305
886,324,1628,1305
887,324,1628,1305
888,324,1628,1305
889,324,1628,1305
890,324,1628,1305
891,324,1628,1305
892,324,1628,1305
893,324,1628,1305
894,324,1628,1305
895,324,1628,1305
896,324,1628,1305
897,324,1628,1305
898,324,1628,1305
899,324,1628,1305
900,324,1628,1305
901,324,1628,1305
902,324,1628,1305
903,324,1628,1305
904,324,1628,1305
905,324,1628,1305
906,324,1628,1305
907,324,1628,1305
908,324,1628,1305
909,324,1628,1305
910,324,1628,1305
911,324,1628,1305
912,324,1628,1305
913,324,1628,1305
914,324,1628,1305
915,324,1628,1305
916,324,1628,1305
917,324,1628,1305
918,324,1628,1305
919,324,1628,1305
920,324,1628,1305
921,324,1628,1305
922,324,1628,1305
923,324,1628,1305
924,324,1628,1305
925,324,1628,1305
926,324,1628,1305
927,324,1628,1305
928,324,1628,1305
929,324,1628,1305
930,324,1628,1305
931,324,1628,1305
932,324,1628,1305
933,324,1628,1305
934,324,1628,1305
935,324,1628,1305
936,324,1628,1305
937,324,1628,1305
938,324,1628,1305
939,324,1628,1305
940,324,1628,1305
941,324,1628,1305
942,324,1628,1305
943,324,1628,1305
944,324,1628,1305
945,324,1628,1305
946,324,1628,1305
947,324,1628,1305
948,324,1628,1305
949,324,1628,1305
950,324,1628,1305
951,324,1628,1305
952,324,1628,1305
953,324,1628,1305
954,324,1628,1305
955,324,1628,1305
956,324,1628,1305
957,324,1628,1305
958,324,1628,1305
959,324,1628,1305
960,324,1628,1305
961,324,1628,1305
962,324,1628,1305
963,324,1628,1305
964,324,1628,1305
965,324,1628,1305
966,324,1628,1305
967,324,1628,1305
968,324,1628,1305
969,324,1628,1305
970,324,1628,1305
971,324,1628,1305
972,324,1628,1305
973,324,1628,1305
974,324,1628,1305
975,324,1628,1305
976,324,1628,1305
977,324,1628,1305
978,324,1628,1305
979,324,1628,1305
980,324,1628,1305
981,324,1628,1305
982,324,1628,1305
983,324,1628,1305
984,324,1628,1305
985,324,1628,1305
986,324,1628,1305
987,324,1628,1305
988,324,1628,1305
989,324,1628,1305
990,324,1628,1305
991,324,1628,1305
992,324,1628,1305
993,324,1628,1305
994,324,1628,1305
995,324,1628,1305
996,324,1628,1305
997,324,1628,1305
998,324,1628,1305
999,324,1628,1305
1000,324,1628,1305
1001,324,1628,1305
1002,324,1628,1305
1003,324,1628,1305
1004,324,1628,1305
1005,324,1628,1305
1006,324,1628,1305
1007,324,1628,1305
1008,324,1628,1305
1009,324,1628,1305
1010,324,1628,1305
1011,324,1628,1305
1012,324,1628,1305
1013,324,1628,1305
1014,324,1628,1305
1015,324,1628,1305
1016,324,1628,1305
1017,324,1628,1305
1018,324,1628,1305
1019,324,1628,1305
1020,324,1628,1305
1021,324,1628,1305
1022,324,1628,1305
1023,324,1628,1305
1024,324,1628,1305
1025,324,1628,1305
1026,324,1628,1305
1027,324,1628,1305
1028,324,1628,1305
1029,324,1628,1305
1030,324,1628,1305
1031,324,1628,1305
1032,324,1628,1305
1033,324,1628,1305
1034,324,1628,1305
1035,324,1628,1305
1036,324,1628,1305
1037,324,1628,1305
1038,324,1628,1305
1039,324,1628,1305
1040,324,1628,1305
1041,324,1628,1305
1042,324,1628,1305
1043,324,1628,1305
1044,324,1628,1305
1045,324,1628,1305
1046,324,1628,1305
1047,324,1628,1305
1048,324,1628,1305
1049,324,1628,1305
1050,324,1628,1305
1051,324,1628,1305
1052,324,1628,1305
1053,324,1628,1305
1054,324,1628,1305
1055,324,1628,1305
1056,324,1628,1305
1057,324,1628,1305
1058,324,1628,1305
1059,324,1628,1305
1060,324,1628,1305
1061,324,1628,1305
1062,324,1628,1305
1063,324,1628,1305
1064,324,1628,1305
1065,324,1628,1305
1066,324,1628,1305
1067,324,1628,1305
1068,324,1628,1305
1069,324,1628,1305
1070,324,1628,1305
1071,324,1628,1305
1072,324,1628,1305
1073,324,1628,1305
1074,324,1628,1305
1075,324,1628,1305
1076,324,1628,1305
1077,324,1628,1305
1078,324,1628,1305
1079,324,1628,1305
1080,324,1628,1305
1081,324,1628,1305
1082,324,1628,1305
1083,324,1628,1305
1084,324,1628,1305
1085,324,1628,1305
1086,324,1628,1305
1087,324,1628,1305
1088,324,1628,1305
1089,324,1628,1305
1090,324,1628,1305
1091,324,1628,1305
1092,324,1628,1305
1093,324,1628,1305
1094,324,1628,1305
1095,324,1628,1305
1096,324,1628,1305
1097,324,1628,1305
1098,324,1628,1305
1099,324,1628,1305
1100,324,1628,1305
1101,324,1628,1305
1102,324,1628,1305
1103,324,1628,1305
1104,324,1628,1305
1105,324,1628,1305
1106,324,1628,1305
1107,324,1628,1305
1108,324,1628,1305
1109,324,1628,1305
1110,324,1628,1305
1111,324,1628,1305
1112,324,1628,1305
1113,324,1628,1305
1114,324,1628,1305
1115,324,1628,1305
1116,324,1628,1305
1117,324,1628,1305
1118,324,1628,1305
1119,324,1628,1305
1120,324,1628,1305
1121,324,1628,1305
1122,324,1628,1305
1123,324,1628,1305
1124,324,1628,1305
1125,324,1628,1305
1126,324,1628,1305
1127,324,1628,1305
1128,324,1628,1305
1129,324,1628,1305
1130,324,1628,1305
1131,324,1628,1305
1132,324,1628,1305
1133,324,1628,1305
1134,324,1628,1305
1135,324,1628,1305
1136,324,1628,1305
1137,324,1628,1305
1138,324,1628,1305
1139,324,1628,1305
1140,324,1628,1305
1141,324,1628,1305
1142,324,1628,1305
1143,324,1628,1305
1144,324,1628,1305
1145,324,1628,1305
1146,324,1628,1305
1147,324,1628,1305
1148,324,1628,1305
1149,324,1628,1305
1150,324,1628,1305
1151,324,1628,1305
1152,324,1628,1305
1153,324,1628,1305
1154,324,1628,1305
1155,324,1628,1305
1156,324,1628,1305
1157,324,1628,1305
1158,324,1628,1305
1159,324,1628,1305
1160,324,1628,1305
1161,324,1628,1305
1162,324,1628,1305
1163,324,1628,1305
1164,324,1628,1305
1165,324,1628,1305
1166,324,1628,1305
1167,324,1628,1305
1168,324,1628,1305
1169,324,1628,1305
1170,324,1628,1305
1171,324,1628,1305
1172,324,1628,1305
1173,324,1628,1305
1174,324,1628,1305
1175,324,1628,1305
1176,324,1628,1305
1177,324,1628,1305
1178,324,1628,1305
1179,324,1628,1305
1180,324,1628,1305
1181,324,1628,1305
1182,324,1628,1305
1183,324,1628,1305
1184,324,1628,1305
1185,324,1628,1305
1186,324,1628,1305
1187,324,1628,1305
1188,324,1628,1305
1189,324,1628,1305
1190,324,1628,1305
1191,324,1628,1305
1192,324,1628,1305
1193,324,1628,1305
1194,324,1628,1305
1195,324,1628,1305
1196,324,1628,1305
1197,324,1628,1305
1198,324,1628,1305
1199,324,1628,1305
1200,324,1628,1305
1201,324,1628,1305
1202,324,1628,1305
1203,324,1628,1305
1204,324,1628,1305
1205,324,1628,1305
1206,324,1628,1305
1207,324,1628,1305
1208,324,1628,1305
1209,324,1628,1305
1210,324,1628,1305
1211,324,1628,1305
1212,324,1628,1305
1213,324,1628,1305
1214,324,1628,1305
1215,324,1628,1305
1216,324,1628,1305
1217,324,1628,1305
1218,324,1628,1305
1219,324,1628,1305
1220,324,1628,1305
1221,324,1628,1305
1222,324,1628,1305
1223,324,1628,1305
1224,324,1628,1305
1225,324,1628,1305
1226,324,1628,1305
1227,324,1628,1305
1228,324,1628,1305
1229,324,1628,1305
1230,324,1628,1305
1231,324,1628,1305
1232,324,1628,1305
1233,324,1628,1305
1234,324,1628,1305
1235,324,1628,1305
1236,324,1628,1305
1237,324,1628,1305
1238,324,1628,1305
1239,324,1628,1305
1240,324,1628,1305
1241,324,1628,1305
1242,324,1628,1305
1243,324,1628,1305
1244,324,1628,1305
1245,324,1628,1305
1246,324,1628,1305
1247,324,1628,1305
1248,324,1628,1305
1249,324,1628,1305
1250,324,1628,1305
1251,324,1628,1305
1252,324,1628,1305
1253,324,1628,1305
1254,324,1628,1305
1255,324,1628,1305
1256,324,1628,1305
1257,324,1628,1305
1258,324,1628,1305
1259,324,1628,1305
1260,324,1628,1305
1261,324,1628,1305
1262,324,1628,1305
1263,324,1628,1305
1264,324,1628,1305
1265,324,1628,1305
1266,324,1628,1305
1267,324,1628,1305
1268,324,1628,1305
1269,324,1628,1305
1270,324,1628,1305
1271,324,1628,1305
1272,324,1628,1305
1273,324,1628,1305
1274,324,1628,1305
1275,324,1628,1305
1276,324,1628,1305
1277,324,1628,1305
1278,324,1628,1305
1279,324,1628,1305
1280,324,1628,1305
1281,324,1628,1305
1282,324,1628,1305
1283,324,1628,1305
1284,324,1628,1305
1285,324,1628,1305
1286,324,1628,1305
1287,324,1628,1305
1288,324,1628,1305
1289,324,1628,1305
1290,324,1628,1305
1291,324,1628,1305
1292,324,1628,1305
1293,324,1628,1305
1294,324,1628,1305
1295,324,1628,1305
1296,324,1628,1305
1297,324,1628,1305
1298,324,1628,1305
1299,324,1628,1305
1300,324,1628,1305
1301,324,1628,1305
1302,324,1628,1305
1303,324,1628,1305
1304,324,1628,1305
1305,324,1628,1305
1306,324,1628,1305
1307,324,1628,1305
1308,324,1628,1305
1309,324,1628,1305
1310,324,1628,1305
1311,324,1628,1305
1312,324,1628,1305
1313,324,1628,1305
1314,324,1628,1305
1315,324,1628,1305
1316,324,1628,1305
1317,324,1628,1305
1318,324,1628,1305
1319,324,1628,1305
1320,324,1628,1305
1321,324,1628,1305
1322,324,1628,1305
1323,324,1628,1305
1324,324,1628,1305
1325,324,1628,1305
1326,324,1628,1305
1327,324,1628,1305
1328,324,1628,1305
1329,324,1628,1305
1330,324,1628,1305
1331,324,1628,1305
1332,324,1628,1305
1333,324,1628,1305
1334,324,1628,1305
1335,324,1628,1305
1336,324,1628,1305
1337,324,1628,1305
1338,324,1628,1305
1339,324,1628,1305
1340,324,1628,1305
1341,324,1628,1305
1342,324,1628,1305
1343,324,1628,1305
1344,324,1628,1305
1345,324,1628,1305
1346,324,1628,1305
1347,324,1628,1305
1348,324,1628,1305
1349,324,1628,1305
1350,324,1628,1305
1351,324,1628,1305
1352,324,1628,1305
1353,324,1628,1305
1354,324,1628,1305
1355,324,1628,1305
1356,324,1628,1305
1357,324,1628,1305
1358,324,1628,1305
1359,324,1628,1305
1360,324,1628,1305
1361,324,1628,1305
1362,324,1628,1305
1363,324,1628,1305
1364,324,1628,1305
1365,324,1628,1305
1366,324,1628,1305
1367,324,1628,1305
1368,324,1628,1305
1369,324,1628,1305
1370,324,1628,1305
1371,324,1628,1305
1372,324,1628,1305
1373,324,1628,1305
1374,324,1628,1305
1375,324,1628,1305
1376,324,1628,1305
1377,324,1628,1305
1378,324,1628,1305
1379,324,1628,1305
1380,324,1628,1305
1381,324,1628,1305
1382,324,1628,1305
1383,324,1628,1305
1384,324,1628,1305
1385,324,1628,1305
1386,324,1628,1305
1387,324,1628,1305
1388,324,1628,1305
1389,324,1628,1305
1390,324,1628,1305
1391,324,1628,1305
1392,324,1628,1305
1393,324,1628,1305
1394,324,1628,1305
1395,324,1628,1305
1396,324,1628,1305
1397,324,1628,1305
1398,324,1628,1305
1399,324,1628,1305
1400,324,1628,1305
1401,324,1628,1305
1402,324,1628,1305
1403,324,1628,1305
1404,324,1628,1305
1405,324,1628,1305
1406,324,1628,1305
1407,324,1628,1305
1408,324,1628,1305
1409,324,1628,1305
1410,324,1628,1305
1411,324,1628,1305
1412,324,1628,1305
1413,324,1628,1305
1414,324,1628,1305
1415,324,1628,1305
1416,324,1628,1305
1417,324,1628,1305
1418,324,1628,1305
1419,324,1628,1305
1420,324,1628,1305
1421,324,1628,1305
1422,324,1628,1305
1423,324,1628,1305
1424,324,1628,1305
1425,324,1628,1305
1426,324,1628,1305
1427,324,1628,1305
1428,324,1628,1305
1429,324,1628,1305
1430,324,1628,1305
1431,324,1628,1305
1432,324,1628,1305
1433,324,1628,1305
1434,324,1628,1305
1435,324,1628,1305
1436,324,1628,1305
1437,324,1628,1305
1438,324,1628,1305
1439,324,1628,1305
1440,324,1628,1305
1441,324,1628,1305
1442,324,1628,1305
1443,324,1628,1305
1444,324,1628,1305
1445,324,1628,1305
1446,324,1628,1305
1447,324,1628,1305
1448,324,1628,1305
1449,324,1628,1305
1450,324,1628,1305
1451,324,1628,1305
1452,324,1628,1305
1453,324,1628,1305
1454,324,1628,1305
1455,324,1628,1305
1456,324,1628,1305
1457,324,1628,1305
1458,324,1628,1305
1459,324,1628,1305
1460,324,1628,1305
1461,324,1628,1305
1462,324,1628,1305
1463,324,1628,1305
1464,324,1628,1305
1465,324,1628,1305
1466,324,1628,1305
1467,324,1628,1305
1468,324,1628,1305
1469,324,1628,1305
1470,324,1628,1305
1471,324,1628,1305
1472,324,1628,1305
1473,324,1628,1305
1474,324,1628,1305
1475,324,1628,1305
1476,324,1628,1305
1477,324,1628,1305
1478,324,1628,1305
1479,324,1628,1305
1480,324,1628,1305
1481,324,1628,1305
1482,324,1628,1305
1483,324,1628,1305
1484,324,1628,1305
1485,324,1628,1305
1486,324,1628,1305
1487,324,1628,1305
1488,324,1628,1305
1489,324,1628,1305
1490,324,1628,1305
1491,324,1628,1305
1492,324,1628,1305
1493,324,1628,1305
1494,324,1628,1305
1495,324,1628,1305
1496,324,1628,1305
1497,324,1628,1305
1498,324,1628,1305
1499,324,1628,1305
1500,324,1628,1305
1501,324,1628,1305
1502,324,1628,1305
1503,324,1628,1305
1504,324,1628,1305
1505,324,1628,1305
1506,324,1628,1305
1507,324,1628,1305
1508,324,1628,1305
1509,324,1628,1305
1510,324,1628,1305
1511,324,1628,1305
1512,324,1628,1305
1513,324,1628,1305
1514,324,1628,1305
1515,324,1628,1305
1516,324,1628,1305
1517,324,1628,1305
1518,324,1628,1305
1519,324,1628,1305
1520,324,1628,1305
1521,324,1628,1305
1522,324,1628,1305
1523,324,1628,1305
1524,324,1628,1305
1525,324,1628,1305
1526,324,1628,1305
1527,324,1628,1305
1528,324,1628,1305
1529,324,1628,1305
1530,324,1628,1305
1531,324,1628,1305
1532,324,1628,1305
1533,324,1628,1305
1534,324,1628,1305
1535,324,1628,1305
1536,324,1628,1305
1537,324,1628,1305
1538,324,1628,1305
1539,324,1628,1305
1540,324,1628,1305
1541,324,1628,1305
1542,324,1628,1305
1543,324,1628,1305
1544,324,1628,1305
1545,324,1628,1305
1546,324,1628,1305
1547,324,1628,1305
1548,324,1628,1305
1549,324,1628,1305
1550,324,1628,1305
1551,324,1628,1305
1552,324,1628,1305
1553,324,1628,1305
1554,324,1628,1305
1555,324,1628,1305
1556,324,1628,1305
1557,324,1628,1305
1558,324,1628,1305
1559,324,1628,1305
1560,324,1628,1305
1561,324,1628,1305
1562,324,1628,1305
1563,324,1628,1305
1564,324,1628,1305
1565,324,1628,1305
1566,324,1628,1305
1567,324,1628,1305
1568,324,1628,1305
1569,324,1628,1305
1570,324,1628,1305
1571,324,1628,1305
1572,324,1628,1305
1573,324,1628,1305
1574,324,1628,1305
1575,324,1628,1305
1576,324,1628,1305
1577,324,1628,1305
1578,324,1628,1305
1579,324,1628,1305
1580,324,1628,1305
1581,324,1628,1305
1582,324,1628,1305
1583,324,1628,1305
1584,324,1628,1305
1585,324,1628,1305
1586,324,1628,1305
1587,324,1628,1305
1588,324,1628,1305
1589,324,1628,1305
1590,324,1628,1305
1591,324,1628,1305
1592,324,1628,1305
1593,324,1628,1305
1594,324,1628,1305
1595,324,1628,1305
1596,324,1628,1305
1597,324,1628,1305
1598,324,1628,1305
1599,324,1628,1305
1600,324,1628,1305
1601,324,1628,1305
1602,324,1628,1305
1603,324,1628,1305
1604,324,1628,1305
1605,324,1628,1305
1606,324,1628,1305
1607,324,1628,1305
1608,324,1628,1305
1609,324,1628,1305
1610,324,1628,1305
1611,324,1628,1305
1612,324,1628,1305
1613,324,1628,1305
1614,324,1628,1305
1615,324,1628,1305
1616,324,1628,1305
1617,324,1628,1305
1618,324,1628,1305
1619,324,1628,1305
1620,324,1628,1305
1621,324,1628,1305
1622,324,1628,1305
1623,324,1628,1305
1624,324,1628,1305
1625,324,1628,1305
1626,324,1628,1305
1627,324,1628,1305
1628,324,1628,1305
1629,324,1628,1305
1630,324,1628,1305
1631,324,1628,1305
1632,324,1628,1305
1633,324,1628,1305
1634,324,1628,1305
1635,324,1628,1305
1636,324,1628,1305
1637,324,1628,1305
1638,324,1628,1305
1639,324,1628,1305
1640,324,1628,1305
1641,324,1628,1305
1642,324,1628,1305
1643,324,1628,1305
1644,324,1628,1305
1645,324,1628,1305
1646,324,1628,1305
1647,324,1628,1305
1648,324,1628,1305
1649,324,1628,1305
1650,324,1628,1305
1651,324,1628,1305
1652,324,1628,1305
1653,324,1628,1305
1654,324,1628,1305
1655,324,1628,1305
1656,324,1628,1305
1657,324,1628,1305
1658,324,1628,1305
1659,324,1628,1305
1660,324,1628,1305
1661,324,1628,1305
1662,324,1628,1305
1663,324,1628,1305
1664,324,1628,1305
1665,324,1628,1305
1666,324,1628,1305
1667,324,1628,1305
1668,324,1628,1305
1669,324,1628,1305
1670,324,1628,1305
1671,324,1628,1305
1672,324,1628,1305
1673,324,1628,1305
1674,324,1628,1305
1675,324,1628,1305
1676,324,1628,1305
1677,324,1628,1305
1678,324,1628,1305
1679,324,1628,1305
1680,324,1628,1305
1681,324,1628,1305
1682,324,1628,1305
1683,324,1628,1305
1684,324,1628,1305
1685,324,1628,1305
1686,324,1628,1305
1687,324,1628,1305
1688,324,1628,1305
1689,324,1628,1305
1690,324,1628,1305
1691,324,1628,1305
1692,324,1628,1305
1693,324,1628,1305
1694,324,1628,1305
1695,324,1628,1305
1696,324,1628,1305
1697,324,1628,1305
1698,324,1628,1305
1699,324,1628,1305
1700,324,1628,1305
1701,324,1628,1305
1702,324,1628,1305
1703,324,1628,1305
1704,324,1628,1305
1705,324,1628,1305
1706,324,1628,1305
1707,324,1628,1305
1708,324,1628,1305
1709,324,1628,1305
1710,324,1628,1305
1711,324,1628,1305
1712,324,1628,1305
1713,324,1628,1305
1714,324,1628,1305
1715,324,1628,1305
1716,324,1628,1305
1717,324,1628,1305
1718,324,1628,1305
1719,324,1628,1305
1720,324,1628,1305
1721,324,1628,1305
1722,324,1628,1305
1723,324,1628,1305
1724,324,1628,1305
1725,324,1628,1305
1726,324,1628,1305
1727,324,1628,1305
1728,324,1628,1305
1729,324,1628,1305
1730,324,1628,1305
1731,324,1628,1305
1732,324,1628,1305
1733,324,1628,1305
1734,324,1628,1305
1735,324,1628,1305
1736,324,1628,1305
1737,324,1628,1305
1738,324,1628,1305
1739,324,1628,1305
1740,324,1628,1305
1741,324,1628,1305
1742,324,1628,1305
1743,324,1628,1305
1744,324,1628,1305
1745,324,1628,1305
1746,324,1628,1305
1747,324,1628,1305
1748,324,1628,1305
1749,324,1628,1305
1750,324,1628,1305
1751,324,1628,1305
1752,324,1628,1305
1753,324,1628,1305
1754,324,1628,1305
1755,324,1628,1305
1756,324,1628,1305
1757,324,1628,1305
1758,324,1628,1305
1759,324,1628,1305
1760,324,1628,1305
1761,324,1628,1305
1762,324,1628,1305
1763,324,1628,1305
1764,324,1628,1305
1765,324,1628,1305
1766,324,1628,1305
1767,324,1628,1305
1768,324,1628,1305
1769,324,1628,1305
1770,324,1628,1305
1771,324,1628,1305
1772,324,1628,1305
1773,324,1628,1305
1774,324,1628,1305
1775,324,1628,1305
1776,324,1628,1305
1777,324,1628,1305
1778,324,1628,1305
1779,324,1628,1305
1780,324,1628,1305
1781,324,1628,1305
1782,324,1628,1305
1783,324,1628,1305
1784,324,1628,1305
1785,324,1628,1305
1786,324,1628,1305
1787,324,1628,1305
1788,324,1628,1305
1789,324,1628,1305
1790,324,1628,1305
1791,324,1628,1305
1792,324,1628,1305
1793,324,1628,1305
1794,324,1628,1305
1795,324,1628,1305
1796,324,1628,1305
1797,324,1628,1305
1798,324,1628,1305
1799,324,1628,1305
1800,324,1628,1305
1801,324,1628,1305
1802,324,1628,1305
1803,324,1628,1305
1804,324,1628,1305
1805,324,1628,1305
1806,324,1628,1305
1807,324,1628,1305
1808,324,1628,1305
1809,324,1628,1305
1810,324,1628,1305
1811,324,1628,1305
1812,324,1628,1305
1813,324,1628,1305
1814,324,1628,1305
1815,324,1628,1305
1816,324,1628,1305
1817,324,1628,1305
1818,324,1628,1305
1819,324,1628,1305
1820,324,1628,1305
1821,324,1628,1305
1822,324,1628,1305
1823,324,1628,1305
1824,324,1628,1305
1825,324,1628,1305
1826,324,1628,1305
1827,324,1628,1305
1828,324,1628,1305
1829,324,1628,1305
1830,324,1628,1305
1831,324,1628,1305
1832,324,1628,1305
1833,324,1628,1305
1834,324,1628,1305
1835,324,1628,1305
1836,324,1628,1305
1837,324,1628,1305
1838,324,1628,1305
1839,324,1628,1305
1840,324,1628,1305
1841,324,1628,1305
1842,324,1628,1305
1843,324,1628,1305
1844,324,1628,1305
1845,324,1628,1305
1846,324,1628,1305
1847,324,1628,1305
1848,324,1628,1305
1849,324,1628,1305
1850,324,1628,1305
1851,324,1628,1305
1852,324,1628,1305
1853,324,1628,1305
1854,324,1628,1305
1855,324,1628,1305
1856,324,1628,1305
1857,324,1628,1305
1858,324,1628,1305
1859,324,1628,1305
1860,324,1628,1305
1861,324,1628,1305
1862,324,1628,1305
1863,324,1628,1305
1864,324,1628,1305
1865,324,1628,1305
1866,324,1628,1305
1867,324,1628,1305
1868,324,1628,1305
1869,324,1628,1305
1870,324,1628,1305
1871,324,1628,1305
1872,324,1628,1305
1873,324,1628,1305
1874,324,1628,1305
1875,324,1628,1305
1876,324,1628,1305
1877,324,1628,1305
1878,324,1628,1305
1879,324,1628,1305
1880,324,1628,1305
1881,324,1628,1305
1882,324,1628,1305
1883,324,1628,1305
1884,324,1628,1305
1885,324,1628,1305
1886,324,1628,1305
1887,324,1628,1305
1888,324,1628,1305
1889,324,1628,1305
1890,324,1628,1305
1891,324,1628,1305
1892,324,1628,1305
1893,324,1628,1305
1894,324,1628,1305
1895,324,1628,1305
1896,324,1628,1305
1897,324,1628,1305
1898,324,1628,1305
1899,324,1628,1305
1900,324,1628,1305
1901,324,1628,1305
1902,324,1628,1305
1903,324,1628,1305
1904,324,1628,1305
1905,324,1628,1305
1906,324,1628,1305
1907,324,1628,1305
1908,324,1628,1305
1909,324,1628,1305
1910,324,1628,1305
1911,324,1628,1305
1912,324,1628,1305
1913,324,1628,1305
1914,324,1628,1305
1915,324,1628,1305
1916,324,1628,1305
1917,324,1628,1305
1918,324,1628,1305
1919,324,1628,1305
1920,324,1628,1305
1921,324,1628,1305
1922,324,1628,1305
1923,324,1628,1305
1924,324,1628,1305
1925,324,1628,1305
1926,324,1628,1305
1927,324,1628,1305
1928,324,1628,1305
1929,324,1628,1305
1930,324,1628,1305
1931,324,1628,1305
1932,324,1628,1305
1933,324,1628,1305
1934,324,1628,1305
1935,324,1628,1305
1936,324,1628,1305
1937,324,1628,1305
1938,324,1628,1305
1939,324,1628,1305
1940,324,1628,1305
1941,324,1628,1305
1942,324,1628,1305
1943,324,1628,1305
1944,324,1628,1305
1945,324,1628,1305
1946,324,1628,1305
1947,324,1628,1305
1948,324,1628,1305
1949,324,1628,1305
1950,324,1628,1305
1951,324,1628,1305
1952,324,1628,1305
1953,324,1628,1305
1954,324,1628,1305
1955,324,1628,1305
1956,324,1628,1305
1957,324,1628,1305
1958,324,1628,1305
1959,324,1628,1305
1960,324,1628,1305
1961,324,1628,1305
1962,324,1628,1305
1963,324,1628,1305
1964,324,1628,1305
1965,324,1628,1305
1966,324,1628,1305
1967,324,1628,1305
1968,324,1628,1305
1969,324,1628,1305
1970,324,1628,1305
1971,324,1628,1305
1972,324,1628,1305
1973,324,1628,1305
1974,324,1628,1305
1975,324,1628,1305
1976,324,1628,1305
1977,324,1628,1305
1978,324,1628,1305
1979,324,1628,1305
1980,324,1628,1305
1981,324,1628,1305
1982,324,1628,1305
1983,324,1628,1305
1984,324,1628,1305
1985,324,1628,1305
1986,324,1628,1305
1987,324,1628,1305
1988,324,1628,1305
1989,324,1628,1305
1990,324,1628,1305
1991,324,1628,1305
1992,324,1628,1305
1993,324,1628,1305
1994,324,1628,1305
1995,324,1628,1305
1996,324,1628,1305
1997,324,1628,1305
1998,324,1628,1305
1999,324,1628,1305
2000,324,1628,1305
2001,324,1628,1305
2002,324,1628,1305
2003,324,1628,1305
2004,324,1628,1305
2005,324,1628,1305
2006,324,1628,1305
2007,324,1628,1305
2008,324,1628,1305
2009,324,1628,1305
2010,324,1628,1305
2011,324,1628,1305
2012,324,1628,1305
2013,324,1628,1305
2014,324,1628,1305
2015,324,1628,1305
2016,324,1628,1305
2017,324,1628,1305
2018,324,1628,1305
2019,324,1628,1305
2020,324,1628,1305
2021,324,1628,1305
2022,324,1628,1305
2023,324,1628,1305
2024,324,1628,1305
2025,324,1628,1305
2026,324,1628,1305
2027,324,1628,1305
2028,324,1628,1305
2029,324,1628,1305
2030,324,1628,1305
2031,324,1628,1305
2032,324,1628,1305
2033,324,1628,1305
2034,324,1628,1305
2035,324,1628,1305
2036,324,1628,1305
2037,324,1628,1305
2038,324,1628,1305
2039,324,1628,1305
2040,324,1628,1305
2041,324,1628,1305
2042,324,1628,1305
2043,324,1628,1305
2044,324,1628,1305
2045,324,1628,1305
2046,324,1628,1305
2047,324,1628,1305
2048,324,1628,1305
2049,324,1628,1305
2050,324,1628,1305
2051,324,1628,1305
2052,324,1628,1305
2053,324,1628,1305
2054,324,1628,1305
2055,324,1628,1305
2056,324,1628,1305
2057,324,1628,1305
2058,324,1628,1305
2059,324,1628,1305
2060,324,1628,1305
2061,324,1628,1305
2062,324,1628,1305
2063,324,1628,1305
2064,324,1628,1305
2065,324,1628,1305
2066,324,1628,1305
2067,324,1628,1305
2068,324,1628,1305
2069,324,1628,1305
2070,324,1628,1305
2071,324,1628,1305
2072,324,1628,1305
2073,324,1628,1305
2074,324,1628,1305
2075,324,1628,1305
2076,324,1628,1305
2077,324,1628,1305
2078,324,1628,1305
2079,324,1628,1305
2080,324,1628,1305
2081,324,1628,1305
2082,324,1628,1305
2083,324,1628,1305
2084,324,1628,1305
2085,324,1628,1305
2086,324,1628,1305
2087,324,1628,1305
2088,324,1628,1305
2089,324,1628,1305
2090,324,1628,1305
2091,324,1628,1305
2092,324,1628,1305
2093,324,1628,1305
2094,324,1628,1305
2095,324,1628,1305
2096,324,1628,1305
2097,324,1628,1305
2098,324,1628,1305
2099,324,1628,1305
2100,324,1628,1305
2101,324,1628,1305
2102,324,1628,1305
2103,324,1628,1305
2104,324,1628,1305
2105,324,1628,1305
2106,324,1628,1305
2107,324,1628,1305
2108,324,1628,1305
2109,324,1628,1305
2110,324,1628,1305
2111,324,1628,1305
2112,324,1628,1305
2113,324,1628,1305
2114,324,1628,1305
2115,324,1628,1305
2116,324,1628,1305
2117,324,1628,1305
2118,324,1628,1305
2119,324,1628,1305
2120,324,1628,1305
2121,324,1628,1305
2122,324,1628,1305
2123,324,1628,1305
2124,324,1628,1305
2125,324,1628,1305
2126,324,1628,1305
2127,324,1628,1305
2128,324,1628,1305
2129,324,1628,1305
2130,324,1628,1305
2131,324,1628,1305
2132,324,1628,1305
2133,324,1628,1305
2134,324,1628,1305
2135,324,1628,1305
2136,324,1628,1305
2137,324,1628,1305
2138,324,1628,1305
2139,324,1628,1305
2140,324,1628,1305
2141,324,1628,1305
2142,324,1628,1305
2143,324,1628,1305
2144,324,1628,1305
2145,324,1628,1305
2146,324,1628,1305
2147,324,1628,1305
2148,324,1628,1305
2149,324,1628,1305
2150,324,1628,1305
2151,324,1628,1305
2152,324,1628,1305
2153,324,1628,1305
2154,324,1628,1305
2155,324,1628,1305
2156,324,1628,1305
2157,324,1628,1305
2158,324,1628,1305
2159,324,1628,1305
2160,324,1628,1305
2161,324,1628,1305
2162,324,1628,1305
2163,324,1628,1305
2164,324,1628,1305
2165,324,1628,1305
2166,324,1628,1305
2167,324,1628,1305
2168,324,1628,1305
2169,324,1628,1305
2170,324,1628,1305
2171,324,1628,1305
2172,324,1628,1305
2173,324,1628,1305
2174,324,1628,1305
2175,324,1628,1305
2176,324,1628,1305
2177,324,1628,1305
2178,324,1628,1305
2179,324,1628,1305
2180,324,1628,1305
2181,324,1628,1305
2182,324,1628,1305
2183,324,1628,1305
2184,324,1628,1305
2185,324,1628,1305
2186,324,1628,1305
2187,324,1628,1305
